flight_id,origin,destination,departure_time
1,Mogadishu,Kampala,5/1/2025 10:00
2,Kampala,Nairobi,5/1/2025 14:30
3,Nairobi,Mogadishu,5/2/2025 9:00
4,Kampala,Juba,5/3/2025 16:00
5,Juba,Nairobi,5/3/2025 18:00
6,Mogadishu,Kampala,5/4/2025 11:00
7,Kampala,Mogadishu,5/5/2025 12:30
8,Nairobi,Juba,5/6/2025 8:00
9,Mogadishu,Nairobi,5/7/2025 14:00
10,Kampala,Juba,5/8/2025 10:30
11,Juba,Mogadishu,5/9/2025 15:00
12,Kampala,Nairobi,5/10/2025 13:00
13,Nairobi,Mogadishu,5/11/2025 16:00
14,Kampala,Mogadishu,5/12/2025 8:00
15,Juba,Kampala,5/13/2025 12:00
16,Nairobi,Juba,5/14/2025 9:00
17,Mogadishu,Nairobi,5/15/2025 17:00
18,Mogadishu,Kampala,5/16/2025 11:30
19,Kampala,Juba,5/17/2025 10:00
20,Nairobi,Mogadishu,5/18/2025 14:30
21,Kampala,Mogadishu,5/31/2025 12:20
22,Nairobi,Juba,5/9/2025 16:01
23,Nairobi,Kampala,5/1/2025 3:42
24,Mogadishu,Juba,5/3/2025 18:18
25,Kampala,Juba,5/11/2025 0:15
26,Mogadishu,Juba,5/9/2025 8:43
27,Juba,Nairobi,5/7/2025 4:25
28,Juba,Mogadishu,5/15/2025 0:54
29,Mogadishu,Kampala,5/6/2025 3:05
30,Mogadishu,Nairobi,5/31/2025 7:55
31,Nairobi,Juba,5/14/2025 22:05
32,Nairobi,Juba,5/4/2025 22:52
33,Mogadishu,Juba,5/17/2025 21:31
34,Kampala,Juba,5/17/2025 4:19
35,Mogadishu,Nairobi,5/24/2025 23:30
36,Nairobi,Kampala,5/24/2025 8:34
37,Nairobi,Juba,5/24/2025 19:31
38,Juba,Nairobi,5/18/2025 14:46
39,Mogadishu,Nairobi,5/3/2025 4:20
40,Juba,Mogadishu,5/20/2025 8:30
41,Mogadishu,Nairobi,5/3/2025 17:01
42,Nairobi,Mogadishu,5/18/2025 3:46
43,Juba,Kampala,5/6/2025 6:55
44,Mogadishu,Juba,5/15/2025 0:42
45,Mogadishu,Juba,5/14/2025 17:29
46,Juba,Kampala,5/31/2025 14:01
47,Juba,Nairobi,5/26/2025 6:39
48,Mogadishu,Juba,5/1/2025 11:51
49,Kampala,Juba,5/18/2025 22:03
50,Juba,Mogadishu,5/9/2025 16:13
51,Juba,Mogadishu,5/21/2025 5:00
52,Kampala,Mogadishu,5/8/2025 20:48
53,Juba,Kampala,5/1/2025 21:59
54,Kampala,Mogadishu,5/31/2025 15:39
55,Mogadishu,Kampala,5/5/2025 21:18
56,Mogadishu,Nairobi,5/20/2025 9:48
57,Nairobi,Mogadishu,5/28/2025 20:59
58,Juba,Nairobi,5/7/2025 4:36
59,Mogadishu,Juba,5/12/2025 2:28
60,Nairobi,Juba,5/6/2025 18:53
61,Nairobi,Juba,5/6/2025 4:11
62,Juba,Mogadishu,5/18/2025 19:32
63,Kampala,Nairobi,5/10/2025 9:03
64,Juba,Mogadishu,5/10/2025 17:14
65,Kampala,Juba,5/16/2025 2:19
66,Mogadishu,Nairobi,5/3/2025 15:59
67,Nairobi,Kampala,5/9/2025 6:32
68,Juba,Mogadishu,5/19/2025 3:16
69,Mogadishu,Juba,5/2/2025 17:29
70,Nairobi,Kampala,5/3/2025 20:10
71,Juba,Mogadishu,5/18/2025 7:09
72,Nairobi,Juba,5/20/2025 14:09
73,Juba,Kampala,5/23/2025 18:17
74,Mogadishu,Juba,5/11/2025 10:32
75,Mogadishu,Juba,5/1/2025 23:10
76,Juba,Nairobi,5/12/2025 23:25
77,Kampala,Juba,5/5/2025 13:39
78,Juba,Nairobi,5/18/2025 21:47
79,Mogadishu,Nairobi,5/13/2025 0:32
80,Nairobi,Kampala,5/22/2025 22:42
81,Mogadishu,Kampala,5/28/2025 22:22
82,Juba,Kampala,5/20/2025 21:12
83,Juba,Mogadishu,5/18/2025 9:51
84,Kampala,Juba,5/17/2025 7:12
85,Kampala,Nairobi,5/23/2025 4:46
86,Juba,Kampala,5/2/2025 11:08
87,Juba,Nairobi,5/27/2025 3:31
88,Nairobi,Kampala,5/2/2025 18:55
89,Nairobi,Kampala,5/25/2025 4:23
90,Nairobi,Mogadishu,5/5/2025 16:32
91,Nairobi,Kampala,5/23/2025 0:35
92,Juba,Nairobi,5/31/2025 16:30
93,Kampala,Mogadishu,5/31/2025 12:49
94,Nairobi,Juba,5/21/2025 14:48
95,Kampala,Nairobi,5/24/2025 2:12
96,Nairobi,Mogadishu,5/23/2025 19:35
97,Mogadishu,Kampala,5/3/2025 16:59
98,Kampala,Juba,5/29/2025 1:52
99,Nairobi,Kampala,5/14/2025 6:21
100,Kampala,Nairobi,5/21/2025 16:25
101,Kampala,Juba,5/6/2025 20:01
102,Mogadishu,Juba,5/5/2025 11:36
103,Juba,Mogadishu,5/25/2025 3:11
104,Mogadishu,Nairobi,5/2/2025 2:23
105,Kampala,Juba,5/13/2025 8:08
106,Mogadishu,Juba,5/5/2025 9:11
107,Nairobi,Kampala,5/6/2025 15:45
108,Nairobi,Kampala,5/20/2025 11:33
109,Nairobi,Mogadishu,5/9/2025 8:41
110,Nairobi,Kampala,5/2/2025 6:57
111,Nairobi,Mogadishu,5/12/2025 2:57
112,Juba,Nairobi,5/18/2025 22:32
113,Kampala,Juba,5/10/2025 3:38
114,Kampala,Juba,5/8/2025 8:23
115,Mogadishu,Kampala,5/11/2025 12:35
116,Kampala,Mogadishu,5/7/2025 22:28
117,Juba,Mogadishu,5/18/2025 23:04
118,Juba,Kampala,5/27/2025 22:57
119,Kampala,Mogadishu,5/17/2025 23:41
120,Mogadishu,Nairobi,5/5/2025 1:50
121,Nairobi,Mogadishu,5/7/2025 1:37
122,Kampala,Mogadishu,5/23/2025 2:30
123,Mogadishu,Juba,5/28/2025 0:11
124,Juba,Kampala,5/11/2025 3:57
125,Juba,Kampala,5/28/2025 4:23
126,Juba,Nairobi,5/10/2025 1:32
127,Kampala,Nairobi,5/11/2025 2:58
128,Kampala,Juba,5/21/2025 15:41
129,Nairobi,Juba,5/1/2025 0:24
130,Kampala,Mogadishu,5/3/2025 13:38
131,Kampala,Juba,5/1/2025 19:51
132,Juba,Mogadishu,5/6/2025 16:59
133,Nairobi,Mogadishu,5/20/2025 22:52
134,Mogadishu,Kampala,5/26/2025 4:02
135,Nairobi,Kampala,5/21/2025 9:48
136,Mogadishu,Nairobi,5/13/2025 1:01
137,Juba,Nairobi,5/31/2025 23:47
138,Juba,Mogadishu,5/22/2025 18:25
139,Kampala,Mogadishu,5/22/2025 0:43
140,Kampala,Juba,5/4/2025 7:51
141,Kampala,Nairobi,5/3/2025 2:02
142,Nairobi,Mogadishu,5/4/2025 3:04
143,Kampala,Nairobi,5/2/2025 14:43
144,Nairobi,Juba,5/25/2025 5:37
145,Juba,Mogadishu,5/17/2025 18:49
146,Nairobi,Mogadishu,5/20/2025 7:06
147,Juba,Mogadishu,5/18/2025 4:09
148,Mogadishu,Kampala,5/25/2025 12:06
149,Mogadishu,Juba,5/16/2025 18:52
150,Juba,Nairobi,5/9/2025 16:22
151,Nairobi,Kampala,5/12/2025 5:50
152,Nairobi,Mogadishu,5/10/2025 4:54
153,Nairobi,Kampala,5/31/2025 3:04
154,Mogadishu,Kampala,5/29/2025 5:27
155,Mogadishu,Juba,5/27/2025 2:46
156,Nairobi,Kampala,5/23/2025 10:37
157,Mogadishu,Kampala,5/27/2025 5:45
158,Juba,Kampala,5/21/2025 14:21
159,Nairobi,Juba,5/26/2025 22:59
160,Nairobi,Mogadishu,5/5/2025 20:56
161,Juba,Nairobi,5/12/2025 23:21
162,Juba,Mogadishu,5/18/2025 3:42
163,Mogadishu,Juba,5/1/2025 12:55
164,Kampala,Mogadishu,5/3/2025 12:34
165,Nairobi,Mogadishu,5/21/2025 5:06
166,Juba,Nairobi,5/12/2025 8:13
167,Kampala,Nairobi,5/28/2025 13:01
168,Mogadishu,Nairobi,5/12/2025 11:37
169,Nairobi,Kampala,5/9/2025 18:30
170,Kampala,Juba,5/21/2025 9:57
171,Kampala,Juba,5/12/2025 2:03
172,Mogadishu,Kampala,5/22/2025 22:50
173,Kampala,Mogadishu,5/11/2025 23:07
174,Mogadishu,Kampala,5/6/2025 19:12
175,Kampala,Mogadishu,5/6/2025 16:08
176,Juba,Kampala,5/11/2025 5:58
177,Nairobi,Mogadishu,5/30/2025 19:18
178,Juba,Mogadishu,5/15/2025 13:53
179,Nairobi,Juba,5/14/2025 16:58
180,Mogadishu,Nairobi,5/19/2025 2:26
181,Juba,Kampala,5/5/2025 11:39
182,Kampala,Nairobi,5/15/2025 18:23
183,Kampala,Nairobi,5/20/2025 13:49
184,Mogadishu,Nairobi,5/4/2025 2:51
185,Mogadishu,Kampala,5/11/2025 2:31
186,Mogadishu,Juba,5/2/2025 17:08
187,Nairobi,Kampala,5/15/2025 8:53
188,Mogadishu,Nairobi,5/23/2025 15:40
189,Nairobi,Mogadishu,5/11/2025 21:30
190,Kampala,Juba,5/14/2025 14:59
191,Mogadishu,Kampala,5/9/2025 12:40
192,Juba,Nairobi,5/3/2025 1:13
193,Juba,Nairobi,5/11/2025 6:39
194,Nairobi,Kampala,5/31/2025 19:42
195,Nairobi,Kampala,5/18/2025 19:09
196,Juba,Nairobi,5/3/2025 5:00
197,Kampala,Juba,5/21/2025 11:57
198,Nairobi,Mogadishu,5/15/2025 1:33
199,Nairobi,Juba,5/6/2025 3:07
200,Nairobi,Kampala,5/14/2025 10:23
201,Kampala,Juba,5/22/2025 2:54
202,Mogadishu,Juba,5/30/2025 14:38
203,Nairobi,Juba,5/13/2025 21:55
204,Kampala,Mogadishu,5/7/2025 4:06
205,Mogadishu,Kampala,5/27/2025 9:53
206,Mogadishu,Juba,5/30/2025 13:48
207,Kampala,Nairobi,5/27/2025 13:21
208,Juba,Mogadishu,5/13/2025 22:24
209,Juba,Mogadishu,5/13/2025 7:51
210,Kampala,Juba,5/21/2025 14:59
211,Mogadishu,Juba,5/11/2025 20:42
212,Nairobi,Mogadishu,5/1/2025 0:02
213,Mogadishu,Kampala,5/24/2025 12:04
214,Mogadishu,Kampala,5/11/2025 2:00
215,Mogadishu,Nairobi,5/8/2025 18:54
216,Mogadishu,Kampala,5/28/2025 12:12
217,Nairobi,Mogadishu,5/30/2025 12:07
218,Mogadishu,Kampala,5/21/2025 19:10
219,Kampala,Mogadishu,5/1/2025 23:38
220,Mogadishu,Juba,5/24/2025 15:12
221,Nairobi,Mogadishu,5/30/2025 10:12
222,Juba,Nairobi,5/1/2025 16:06
223,Mogadishu,Juba,5/7/2025 21:56
224,Nairobi,Juba,5/26/2025 2:29
225,Mogadishu,Juba,5/12/2025 12:17
226,Juba,Nairobi,5/30/2025 8:17
227,Mogadishu,Juba,5/28/2025 1:51
228,Juba,Mogadishu,5/20/2025 13:05
229,Nairobi,Mogadishu,5/29/2025 15:02
230,Kampala,Juba,5/29/2025 11:14
231,Juba,Mogadishu,5/19/2025 6:39
232,Kampala,Juba,5/18/2025 9:14
233,Juba,Nairobi,5/5/2025 22:40
234,Kampala,Nairobi,5/21/2025 20:03
235,Mogadishu,Kampala,5/13/2025 15:21
236,Nairobi,Juba,5/5/2025 4:10
237,Juba,Kampala,5/6/2025 21:49
238,Nairobi,Juba,5/27/2025 11:47
239,Juba,Kampala,5/22/2025 0:29
240,Kampala,Nairobi,5/13/2025 9:27
241,Juba,Kampala,5/4/2025 13:37
242,Kampala,Nairobi,5/31/2025 18:19
243,Juba,Mogadishu,5/19/2025 18:35
244,Nairobi,Juba,5/15/2025 3:46
245,Mogadishu,Juba,5/12/2025 4:13
246,Kampala,Mogadishu,5/28/2025 0:20
247,Juba,Mogadishu,5/28/2025 7:22
248,Nairobi,Juba,5/21/2025 16:21
249,Juba,Nairobi,5/29/2025 18:16
250,Mogadishu,Kampala,5/4/2025 9:57
251,Nairobi,Kampala,5/7/2025 8:20
252,Mogadishu,Juba,5/13/2025 14:09
253,Nairobi,Kampala,5/18/2025 2:01
254,Nairobi,Kampala,5/28/2025 15:02
255,Mogadishu,Kampala,5/14/2025 20:14
256,Nairobi,Juba,5/9/2025 16:27
257,Mogadishu,Kampala,5/2/2025 5:15
258,Juba,Nairobi,5/8/2025 19:25
259,Mogadishu,Juba,5/6/2025 16:53
260,Juba,Kampala,5/16/2025 13:54
261,Kampala,Nairobi,5/23/2025 17:08
262,Kampala,Juba,5/18/2025 6:49
263,Mogadishu,Juba,5/20/2025 12:08
264,Nairobi,Mogadishu,5/30/2025 17:41
265,Juba,Kampala,5/15/2025 4:23
266,Juba,Kampala,5/19/2025 14:23
267,Kampala,Juba,5/10/2025 10:35
268,Mogadishu,Nairobi,5/19/2025 8:29
269,Kampala,Mogadishu,5/12/2025 14:34
270,Juba,Kampala,5/13/2025 19:12
271,Nairobi,Kampala,5/19/2025 11:24
272,Kampala,Mogadishu,5/25/2025 0:29
273,Juba,Mogadishu,5/17/2025 14:48
274,Juba,Nairobi,5/13/2025 22:48
275,Nairobi,Mogadishu,5/9/2025 15:06
276,Mogadishu,Nairobi,5/28/2025 17:06
277,Mogadishu,Nairobi,5/8/2025 9:51
278,Mogadishu,Nairobi,5/21/2025 6:10
279,Juba,Kampala,5/16/2025 19:08
280,Juba,Mogadishu,5/12/2025 20:24
281,Kampala,Mogadishu,5/19/2025 15:10
282,Nairobi,Kampala,5/11/2025 0:37
283,Kampala,Nairobi,5/30/2025 13:40
284,Mogadishu,Juba,5/16/2025 20:35
285,Kampala,Nairobi,5/13/2025 23:38
286,Juba,Mogadishu,5/15/2025 17:54
287,Nairobi,Mogadishu,5/14/2025 3:54
288,Juba,Nairobi,5/1/2025 16:50
289,Juba,Nairobi,5/8/2025 16:30
290,Kampala,Mogadishu,5/11/2025 18:29
291,Juba,Mogadishu,5/1/2025 2:23
292,Mogadishu,Kampala,5/24/2025 8:45
293,Kampala,Juba,5/17/2025 16:06
294,Juba,Kampala,5/4/2025 8:03
295,Mogadishu,Kampala,5/20/2025 7:38
296,Nairobi,Mogadishu,5/18/2025 14:16
297,Juba,Kampala,5/31/2025 4:26
298,Juba,Mogadishu,5/23/2025 11:45
299,Nairobi,Juba,5/20/2025 12:04
300,Nairobi,Kampala,5/22/2025 15:54
301,Kampala,Juba,5/18/2025 1:34
302,Juba,Kampala,5/10/2025 4:52
303,Kampala,Mogadishu,5/6/2025 4:16
304,Kampala,Mogadishu,5/19/2025 16:14
305,Mogadishu,Nairobi,5/9/2025 8:02
306,Kampala,Mogadishu,5/27/2025 21:14
307,Kampala,Juba,5/10/2025 5:04
308,Juba,Mogadishu,5/5/2025 11:22
309,Nairobi,Mogadishu,5/29/2025 1:05
310,Nairobi,Kampala,5/9/2025 9:33
311,Kampala,Mogadishu,5/1/2025 7:16
312,Kampala,Mogadishu,5/15/2025 11:11
313,Juba,Kampala,5/12/2025 7:47
314,Nairobi,Kampala,5/21/2025 1:59
315,Mogadishu,Kampala,5/23/2025 12:39
316,Nairobi,Juba,5/28/2025 21:00
317,Kampala,Nairobi,5/16/2025 7:01
318,Juba,Nairobi,5/3/2025 2:28
319,Kampala,Nairobi,5/11/2025 19:44
320,Mogadishu,Nairobi,5/19/2025 16:33
321,Kampala,Mogadishu,5/22/2025 7:01
322,Juba,Kampala,5/6/2025 1:43
323,Juba,Kampala,5/3/2025 6:43
324,Kampala,Juba,5/31/2025 18:01
325,Mogadishu,Kampala,5/29/2025 19:54
326,Juba,Kampala,5/31/2025 16:29
327,Juba,Mogadishu,5/13/2025 23:07
328,Kampala,Mogadishu,5/11/2025 6:35
329,Mogadishu,Juba,5/10/2025 22:15
330,Mogadishu,Juba,5/5/2025 18:41
331,Juba,Nairobi,5/2/2025 1:47
332,Nairobi,Juba,5/29/2025 10:48
333,Nairobi,Juba,5/5/2025 13:57
334,Mogadishu,Nairobi,5/10/2025 14:38
335,Juba,Mogadishu,5/7/2025 4:32
336,Kampala,Mogadishu,5/11/2025 0:05
337,Mogadishu,Juba,5/23/2025 17:05
338,Kampala,Mogadishu,5/7/2025 19:16
339,Kampala,Juba,5/9/2025 0:05
340,Nairobi,Kampala,5/25/2025 10:05
341,Juba,Mogadishu,5/2/2025 22:56
342,Juba,Mogadishu,5/25/2025 6:51
343,Kampala,Mogadishu,5/26/2025 20:55
344,Nairobi,Juba,5/31/2025 21:29
345,Juba,Nairobi,5/24/2025 17:36
346,Nairobi,Juba,5/21/2025 7:19
347,Kampala,Mogadishu,5/16/2025 15:56
348,Juba,Nairobi,5/23/2025 20:24
349,Juba,Kampala,5/9/2025 5:01
350,Kampala,Nairobi,5/12/2025 11:54
351,Nairobi,Juba,5/7/2025 11:52
352,Nairobi,Mogadishu,5/29/2025 15:32
353,Kampala,Mogadishu,5/7/2025 0:35
354,Mogadishu,Juba,5/11/2025 18:37
355,Mogadishu,Nairobi,5/17/2025 9:57
356,Mogadishu,Nairobi,5/28/2025 2:20
357,Kampala,Mogadishu,5/7/2025 19:46
358,Juba,Mogadishu,5/27/2025 5:13
359,Juba,Kampala,5/9/2025 13:41
360,Mogadishu,Juba,5/20/2025 19:33
361,Nairobi,Kampala,5/25/2025 17:23
362,Kampala,Juba,5/28/2025 23:33
363,Mogadishu,Juba,5/3/2025 10:58
364,Nairobi,Juba,5/12/2025 23:18
365,Kampala,Mogadishu,5/28/2025 0:09
366,Kampala,Juba,5/7/2025 21:07
367,Mogadishu,Nairobi,5/15/2025 6:33
368,Kampala,Nairobi,5/6/2025 5:10
369,Nairobi,Juba,5/11/2025 7:39
370,Juba,Kampala,5/27/2025 14:58
371,Juba,Mogadishu,5/27/2025 0:32
372,Nairobi,Mogadishu,5/1/2025 6:12
373,Kampala,Mogadishu,5/4/2025 20:59
374,Juba,Kampala,5/6/2025 7:09
375,Mogadishu,Nairobi,5/14/2025 15:31
376,Nairobi,Mogadishu,5/2/2025 14:45
377,Mogadishu,Nairobi,5/24/2025 18:19
378,Juba,Kampala,5/2/2025 17:34
379,Juba,Kampala,5/18/2025 5:25
380,Juba,Nairobi,5/10/2025 13:02
381,Kampala,Mogadishu,5/18/2025 18:07
382,Mogadishu,Juba,5/3/2025 13:38
383,Mogadishu,Juba,5/3/2025 17:06
384,Mogadishu,Nairobi,5/31/2025 20:00
385,Nairobi,Mogadishu,5/5/2025 23:58
386,Juba,Mogadishu,5/13/2025 14:01
387,Kampala,Juba,5/26/2025 3:19
388,Juba,Kampala,5/25/2025 14:40
389,Kampala,Mogadishu,5/4/2025 11:18
390,Nairobi,Mogadishu,5/17/2025 4:42
391,Juba,Kampala,5/18/2025 0:42
392,Nairobi,Mogadishu,5/22/2025 20:48
393,Kampala,Nairobi,5/23/2025 17:05
394,Nairobi,Mogadishu,5/1/2025 14:29
395,Nairobi,Kampala,5/3/2025 3:08
396,Nairobi,Kampala,5/3/2025 17:18
397,Kampala,Nairobi,5/20/2025 14:22
398,Kampala,Nairobi,5/1/2025 8:10
399,Nairobi,Mogadishu,5/15/2025 10:13
400,Juba,Nairobi,5/28/2025 14:45
401,Nairobi,Mogadishu,5/17/2025 0:50
402,Kampala,Juba,5/23/2025 20:55
403,Nairobi,Mogadishu,5/29/2025 6:24
404,Nairobi,Mogadishu,5/25/2025 23:28
405,Nairobi,Mogadishu,5/22/2025 16:11
406,Kampala,Juba,5/13/2025 5:05
407,Juba,Kampala,5/26/2025 18:28
408,Juba,Kampala,5/4/2025 8:41
409,Nairobi,Kampala,5/8/2025 4:05
410,Nairobi,Juba,5/15/2025 9:42
411,Juba,Nairobi,5/27/2025 15:48
412,Nairobi,Mogadishu,5/8/2025 1:42
413,Mogadishu,Nairobi,5/17/2025 13:08
414,Mogadishu,Kampala,5/14/2025 3:37
415,Kampala,Mogadishu,5/3/2025 2:41
416,Nairobi,Mogadishu,5/4/2025 10:02
417,Juba,Kampala,5/2/2025 17:19
418,Mogadishu,Juba,5/12/2025 15:25
419,Juba,Mogadishu,5/25/2025 12:32
420,Kampala,Mogadishu,5/2/2025 20:02
421,Juba,Kampala,5/3/2025 10:32
422,Kampala,Nairobi,5/25/2025 17:42
423,Nairobi,Mogadishu,5/28/2025 2:41
424,Nairobi,Kampala,5/6/2025 18:25
425,Mogadishu,Nairobi,5/6/2025 7:05
426,Nairobi,Kampala,5/21/2025 1:56
427,Nairobi,Kampala,5/8/2025 1:52
428,Nairobi,Mogadishu,5/20/2025 12:10
429,Juba,Mogadishu,5/13/2025 21:07
430,Nairobi,Juba,5/26/2025 7:49
431,Nairobi,Juba,5/30/2025 11:41
432,Nairobi,Mogadishu,5/11/2025 11:04
433,Kampala,Juba,5/13/2025 3:01
434,Kampala,Nairobi,5/4/2025 16:38
435,Nairobi,Mogadishu,5/27/2025 4:33
436,Kampala,Nairobi,5/4/2025 4:32
437,Juba,Mogadishu,5/30/2025 11:27
438,Mogadishu,Nairobi,5/25/2025 2:29
439,Nairobi,Mogadishu,5/12/2025 13:08
440,Nairobi,Juba,5/31/2025 3:28
441,Juba,Kampala,5/9/2025 17:31
442,Mogadishu,Kampala,5/5/2025 10:51
443,Juba,Kampala,5/3/2025 10:35
444,Kampala,Mogadishu,5/29/2025 22:56
445,Kampala,Nairobi,5/4/2025 3:47
446,Juba,Mogadishu,5/21/2025 0:45
447,Juba,Kampala,5/27/2025 22:20
448,Juba,Nairobi,5/29/2025 21:35
449,Mogadishu,Kampala,5/3/2025 17:44
450,Mogadishu,Juba,5/24/2025 22:05
451,Nairobi,Mogadishu,5/8/2025 11:30
452,Kampala,Mogadishu,5/6/2025 9:03
453,Nairobi,Juba,5/25/2025 4:50
454,Mogadishu,Kampala,5/17/2025 20:06
455,Nairobi,Kampala,5/3/2025 15:29
456,Nairobi,Juba,5/7/2025 7:07
457,Juba,Mogadishu,5/24/2025 11:35
458,Mogadishu,Nairobi,5/4/2025 18:13
459,Nairobi,Kampala,5/26/2025 1:17
460,Mogadishu,Juba,5/8/2025 10:00
461,Kampala,Mogadishu,5/11/2025 17:22
462,Juba,Kampala,5/17/2025 17:50
463,Kampala,Juba,5/13/2025 2:07
464,Juba,Nairobi,5/31/2025 5:51
465,Mogadishu,Juba,5/6/2025 0:26
466,Juba,Mogadishu,5/28/2025 18:31
467,Nairobi,Mogadishu,5/23/2025 23:06
468,Kampala,Juba,5/16/2025 21:23
469,Juba,Kampala,5/30/2025 2:52
470,Kampala,Nairobi,5/4/2025 2:15
471,Nairobi,Juba,5/22/2025 2:58
472,Mogadishu,Nairobi,5/8/2025 1:37
473,Nairobi,Mogadishu,5/6/2025 14:03
474,Mogadishu,Juba,5/20/2025 5:20
475,Mogadishu,Juba,5/24/2025 2:38
476,Kampala,Mogadishu,5/31/2025 5:54
477,Juba,Kampala,5/15/2025 5:37
478,Kampala,Mogadishu,5/14/2025 0:30
479,Nairobi,Mogadishu,5/16/2025 16:21
480,Kampala,Nairobi,5/31/2025 7:04
481,Kampala,Juba,5/20/2025 11:11
482,Nairobi,Juba,5/14/2025 4:01
483,Kampala,Juba,5/12/2025 3:43
484,Mogadishu,Kampala,5/30/2025 0:58
485,Juba,Nairobi,5/3/2025 10:34
486,Kampala,Nairobi,5/15/2025 8:50
487,Nairobi,Mogadishu,5/2/2025 5:05
488,Mogadishu,Juba,5/23/2025 12:14
489,Mogadishu,Kampala,5/25/2025 16:41
490,Mogadishu,Nairobi,5/1/2025 18:32
491,Kampala,Nairobi,5/27/2025 10:59
492,Juba,Kampala,5/26/2025 2:23
493,Mogadishu,Kampala,5/7/2025 6:55
494,Nairobi,Kampala,5/19/2025 5:34
495,Kampala,Juba,5/22/2025 17:14
496,Juba,Mogadishu,5/10/2025 13:54
497,Nairobi,Kampala,5/7/2025 19:20
498,Kampala,Nairobi,5/7/2025 17:17
499,Mogadishu,Nairobi,5/29/2025 18:38
500,Nairobi,Juba,5/5/2025 18:31
501,Juba,Mogadishu,5/11/2025 3:49
502,Mogadishu,Kampala,5/4/2025 1:05
503,Nairobi,Kampala,5/26/2025 9:38
504,Kampala,Juba,5/19/2025 19:24
505,Juba,Mogadishu,5/7/2025 17:09
506,Kampala,Juba,5/3/2025 3:00
507,Kampala,Juba,5/29/2025 3:48
508,Nairobi,Juba,5/29/2025 17:27
509,Kampala,Juba,5/25/2025 9:30
510,Kampala,Juba,5/4/2025 19:41
511,Juba,Nairobi,5/14/2025 0:37
512,Nairobi,Kampala,5/10/2025 16:47
513,Nairobi,Kampala,5/10/2025 3:18
514,Juba,Mogadishu,5/31/2025 6:37
515,Kampala,Nairobi,5/14/2025 4:00
516,Kampala,Juba,5/13/2025 10:56
517,Nairobi,Juba,5/10/2025 11:05
518,Mogadishu,Kampala,5/17/2025 1:46
519,Nairobi,Juba,5/18/2025 7:59
520,Kampala,Juba,5/16/2025 2:47
521,Mogadishu,Nairobi,5/1/2025 13:32
522,Mogadishu,Nairobi,5/8/2025 20:55
523,Juba,Mogadishu,5/9/2025 0:38
524,Nairobi,Kampala,5/1/2025 11:12
525,Juba,Kampala,5/8/2025 10:25
526,Juba,Mogadishu,5/19/2025 11:25
527,Juba,Nairobi,5/30/2025 0:44
528,Nairobi,Mogadishu,5/16/2025 10:55
529,Kampala,Nairobi,5/3/2025 16:58
530,Mogadishu,Kampala,5/6/2025 20:17
531,Juba,Mogadishu,5/15/2025 22:20
532,Juba,Kampala,5/29/2025 0:16
533,Mogadishu,Nairobi,5/9/2025 11:31
534,Nairobi,Juba,5/13/2025 11:11
535,Nairobi,Kampala,5/26/2025 0:29
536,Nairobi,Mogadishu,5/11/2025 11:10
537,Juba,Nairobi,5/15/2025 10:42
538,Nairobi,Juba,5/13/2025 0:28
539,Kampala,Nairobi,5/26/2025 3:26
540,Mogadishu,Nairobi,5/9/2025 4:55
541,Juba,Nairobi,5/17/2025 18:59
542,Kampala,Nairobi,5/26/2025 15:12
543,Nairobi,Juba,5/24/2025 14:30
544,Mogadishu,Juba,5/17/2025 10:03
545,Nairobi,Kampala,5/18/2025 1:40
546,Nairobi,Mogadishu,5/14/2025 13:33
547,Kampala,Juba,5/20/2025 12:01
548,Nairobi,Kampala,5/20/2025 20:19
549,Kampala,Nairobi,5/19/2025 1:41
550,Juba,Mogadishu,5/29/2025 7:51
551,Nairobi,Kampala,5/30/2025 11:22
552,Nairobi,Kampala,5/6/2025 12:15
553,Juba,Nairobi,5/9/2025 15:05
554,Juba,Kampala,5/30/2025 12:55
555,Kampala,Nairobi,5/3/2025 10:51
556,Kampala,Mogadishu,5/31/2025 9:04
557,Nairobi,Mogadishu,5/7/2025 16:42
558,Juba,Mogadishu,5/2/2025 19:05
559,Mogadishu,Nairobi,5/6/2025 11:59
560,Juba,Nairobi,5/6/2025 4:27
561,Kampala,Juba,5/17/2025 3:58
562,Nairobi,Juba,5/13/2025 2:48
563,Juba,Nairobi,5/1/2025 14:56
564,Kampala,Mogadishu,5/20/2025 17:08
565,Mogadishu,Juba,5/3/2025 13:30
566,Juba,Kampala,5/16/2025 16:10
567,Mogadishu,Kampala,5/19/2025 3:30
568,Mogadishu,Kampala,5/21/2025 10:24
569,Mogadishu,Nairobi,5/16/2025 0:13
570,Nairobi,Mogadishu,5/27/2025 14:57
571,Kampala,Juba,5/11/2025 1:25
572,Nairobi,Mogadishu,5/16/2025 23:27
573,Kampala,Mogadishu,5/4/2025 4:09
574,Nairobi,Mogadishu,5/27/2025 1:35
575,Mogadishu,Kampala,5/1/2025 23:52
576,Nairobi,Mogadishu,5/3/2025 9:13
577,Nairobi,Kampala,5/27/2025 16:43
578,Juba,Nairobi,5/26/2025 17:11
579,Juba,Kampala,5/7/2025 16:41
580,Nairobi,Juba,5/30/2025 18:49
581,Juba,Nairobi,5/19/2025 4:55
582,Mogadishu,Kampala,5/8/2025 15:49
583,Nairobi,Kampala,5/20/2025 14:26
584,Nairobi,Juba,5/5/2025 21:46
585,Nairobi,Juba,5/28/2025 7:23
586,Nairobi,Kampala,5/15/2025 3:45
587,Nairobi,Kampala,5/7/2025 7:34
588,Mogadishu,Kampala,5/17/2025 1:24
589,Kampala,Juba,5/17/2025 11:02
590,Mogadishu,Nairobi,5/4/2025 7:52
591,Kampala,Juba,5/7/2025 0:58
592,Kampala,Nairobi,5/1/2025 7:22
593,Nairobi,Kampala,5/30/2025 18:53
594,Kampala,Nairobi,5/7/2025 23:20
595,Juba,Kampala,5/13/2025 19:09
596,Nairobi,Juba,5/7/2025 15:52
597,Kampala,Mogadishu,5/22/2025 13:07
598,Juba,Mogadishu,5/10/2025 21:38
599,Juba,Kampala,5/29/2025 3:28
600,Kampala,Nairobi,5/24/2025 2:30
601,Kampala,Juba,5/18/2025 21:57
602,Kampala,Mogadishu,5/12/2025 8:37
603,Juba,Mogadishu,5/28/2025 17:03
604,Kampala,Nairobi,5/9/2025 20:08
605,Nairobi,Mogadishu,5/11/2025 0:58
606,Mogadishu,Juba,5/30/2025 3:06
607,Juba,Mogadishu,5/28/2025 9:39
608,Nairobi,Mogadishu,5/19/2025 20:18
609,Juba,Mogadishu,5/6/2025 12:21
610,Juba,Nairobi,5/19/2025 19:41
611,Kampala,Mogadishu,5/18/2025 21:30
612,Nairobi,Mogadishu,5/12/2025 13:44
613,Mogadishu,Nairobi,5/30/2025 16:11
614,Mogadishu,Kampala,5/20/2025 23:48
615,Mogadishu,Kampala,5/24/2025 7:43
616,Kampala,Mogadishu,5/18/2025 14:55
617,Kampala,Juba,5/14/2025 18:59
618,Mogadishu,Juba,5/22/2025 8:02
619,Kampala,Juba,5/22/2025 12:49
620,Nairobi,Mogadishu,5/26/2025 23:01
621,Juba,Mogadishu,5/28/2025 12:44
622,Juba,Nairobi,5/8/2025 3:15
623,Juba,Kampala,5/2/2025 1:11
624,Kampala,Juba,5/8/2025 23:17
625,Nairobi,Kampala,5/23/2025 6:57
626,Juba,Mogadishu,5/25/2025 14:19
627,Juba,Mogadishu,5/26/2025 16:25
628,Juba,Kampala,5/17/2025 14:20
629,Juba,Mogadishu,5/17/2025 22:19
630,Juba,Mogadishu,5/2/2025 3:32
631,Kampala,Mogadishu,5/1/2025 12:24
632,Kampala,Mogadishu,5/28/2025 22:07
633,Nairobi,Mogadishu,5/26/2025 21:15
634,Kampala,Juba,5/28/2025 20:59
635,Juba,Nairobi,5/11/2025 0:48
636,Mogadishu,Nairobi,5/2/2025 12:07
637,Nairobi,Kampala,5/24/2025 17:47
638,Mogadishu,Juba,5/24/2025 15:27
639,Kampala,Mogadishu,5/17/2025 21:10
640,Juba,Mogadishu,5/30/2025 4:55
641,Nairobi,Juba,5/9/2025 21:51
642,Juba,Nairobi,5/20/2025 17:13
643,Nairobi,Kampala,5/17/2025 9:07
644,Nairobi,Juba,5/27/2025 11:26
645,Mogadishu,Juba,5/4/2025 19:17
646,Kampala,Mogadishu,5/20/2025 22:57
647,Nairobi,Mogadishu,5/23/2025 5:32
648,Mogadishu,Nairobi,5/19/2025 19:51
649,Mogadishu,Nairobi,5/5/2025 9:21
650,Nairobi,Juba,5/18/2025 20:58
651,Nairobi,Juba,5/28/2025 13:35
652,Juba,Mogadishu,5/21/2025 13:07
653,Mogadishu,Juba,5/13/2025 20:59
654,Mogadishu,Kampala,5/8/2025 14:08
655,Juba,Mogadishu,5/29/2025 5:01
656,Kampala,Juba,5/1/2025 2:48
657,Nairobi,Mogadishu,5/18/2025 17:13
658,Mogadishu,Juba,5/17/2025 19:23
659,Juba,Mogadishu,5/8/2025 3:30
660,Kampala,Mogadishu,5/18/2025 8:24
661,Juba,Nairobi,5/26/2025 14:04
662,Mogadishu,Nairobi,5/7/2025 20:25
663,Mogadishu,Kampala,5/27/2025 0:25
664,Mogadishu,Juba,5/11/2025 6:56
665,Juba,Kampala,5/18/2025 17:17
666,Kampala,Mogadishu,5/5/2025 5:01
667,Kampala,Juba,5/29/2025 15:27
668,Nairobi,Juba,5/15/2025 23:05
669,Kampala,Juba,5/22/2025 10:15
670,Mogadishu,Kampala,5/30/2025 12:21
671,Nairobi,Kampala,5/29/2025 19:18
672,Mogadishu,Kampala,5/26/2025 6:12
673,Juba,Kampala,5/23/2025 20:55
674,Nairobi,Mogadishu,5/30/2025 22:24
675,Juba,Mogadishu,5/24/2025 11:47
676,Juba,Mogadishu,5/31/2025 6:43
677,Juba,Mogadishu,5/17/2025 12:37
678,Nairobi,Mogadishu,5/16/2025 16:26
679,Mogadishu,Juba,5/7/2025 16:40
680,Kampala,Mogadishu,5/15/2025 14:43
681,Kampala,Juba,5/6/2025 10:50
682,Mogadishu,Nairobi,5/17/2025 13:43
683,Kampala,Mogadishu,5/28/2025 21:15
684,Mogadishu,Kampala,5/18/2025 18:06
685,Mogadishu,Kampala,5/18/2025 17:03
686,Juba,Kampala,5/12/2025 6:19
687,Juba,Mogadishu,5/2/2025 10:29
688,Kampala,Nairobi,5/16/2025 12:39
689,Mogadishu,Kampala,5/19/2025 6:08
690,Mogadishu,Juba,5/11/2025 15:15
691,Nairobi,Kampala,5/31/2025 22:04
692,Juba,Mogadishu,5/11/2025 11:12
693,Kampala,Mogadishu,5/6/2025 1:26
694,Mogadishu,Kampala,5/27/2025 9:35
695,Mogadishu,Kampala,5/28/2025 17:15
696,Kampala,Nairobi,5/29/2025 23:13
697,Kampala,Mogadishu,5/27/2025 22:43
698,Mogadishu,Kampala,5/14/2025 16:47
699,Nairobi,Mogadishu,5/31/2025 22:17
700,Juba,Nairobi,5/1/2025 19:59
701,Kampala,Nairobi,5/5/2025 10:26
702,Juba,Kampala,5/7/2025 13:56
703,Mogadishu,Juba,5/21/2025 20:01
704,Kampala,Nairobi,5/16/2025 0:21
705,Mogadishu,Kampala,5/9/2025 10:36
706,Nairobi,Juba,5/20/2025 19:57
707,Juba,Nairobi,5/16/2025 5:03
708,Nairobi,Kampala,5/8/2025 22:21
709,Kampala,Mogadishu,5/22/2025 14:13
710,Mogadishu,Juba,5/21/2025 15:48
711,Kampala,Juba,5/8/2025 19:35
712,Kampala,Juba,5/4/2025 23:26
713,Mogadishu,Juba,5/29/2025 14:19
714,Kampala,Juba,5/22/2025 3:34
715,Mogadishu,Nairobi,5/2/2025 11:11
716,Kampala,Nairobi,5/19/2025 2:50
717,Kampala,Nairobi,5/6/2025 19:47
718,Mogadishu,Kampala,5/7/2025 3:09
719,Nairobi,Juba,5/20/2025 23:15
720,Juba,Kampala,5/31/2025 19:34
721,Nairobi,Kampala,5/16/2025 20:35
722,Nairobi,Kampala,5/1/2025 10:14
723,Juba,Mogadishu,5/30/2025 16:35
724,Kampala,Nairobi,5/11/2025 11:25
725,Mogadishu,Juba,5/1/2025 0:58
726,Kampala,Juba,5/16/2025 17:14
727,Kampala,Juba,5/20/2025 19:48
728,Juba,Kampala,5/12/2025 14:29
729,Nairobi,Kampala,5/24/2025 1:58
730,Mogadishu,Nairobi,5/15/2025 17:16
731,Juba,Kampala,5/26/2025 19:01
732,Kampala,Nairobi,5/16/2025 4:57
733,Kampala,Juba,5/17/2025 15:19
734,Mogadishu,Nairobi,5/17/2025 3:43
735,Kampala,Nairobi,5/3/2025 18:28
736,Juba,Nairobi,5/16/2025 18:57
737,Juba,Nairobi,5/31/2025 3:11
738,Mogadishu,Kampala,5/25/2025 17:14
739,Mogadishu,Nairobi,5/16/2025 12:10
740,Mogadishu,Juba,5/11/2025 16:46
741,Juba,Mogadishu,5/9/2025 16:22
742,Juba,Kampala,5/3/2025 1:42
743,Nairobi,Juba,5/16/2025 20:48
744,Mogadishu,Juba,5/8/2025 22:12
745,Kampala,Juba,5/12/2025 2:56
746,Juba,Mogadishu,5/25/2025 6:00
747,Kampala,Nairobi,5/29/2025 19:55
748,Juba,Kampala,5/30/2025 21:19
749,Mogadishu,Juba,5/6/2025 21:37
750,Nairobi,Kampala,5/5/2025 16:52
751,Mogadishu,Juba,5/29/2025 19:19
752,Nairobi,Juba,5/29/2025 16:09
753,Kampala,Nairobi,5/22/2025 19:28
754,Kampala,Nairobi,5/27/2025 16:28
755,Juba,Kampala,5/1/2025 21:08
756,Juba,Mogadishu,5/28/2025 1:26
757,Kampala,Juba,5/6/2025 8:55
758,Kampala,Nairobi,5/27/2025 17:06
759,Mogadishu,Juba,5/5/2025 17:40
760,Kampala,Nairobi,5/13/2025 2:07
761,Nairobi,Juba,5/24/2025 8:54
762,Nairobi,Kampala,5/16/2025 17:27
763,Kampala,Mogadishu,5/11/2025 9:13
764,Kampala,Juba,5/26/2025 22:17
765,Nairobi,Juba,5/17/2025 1:46
766,Kampala,Mogadishu,5/16/2025 7:17
767,Mogadishu,Juba,5/13/2025 22:07
768,Mogadishu,Nairobi,5/15/2025 0:35
769,Nairobi,Kampala,5/28/2025 10:23
770,Juba,Mogadishu,5/7/2025 13:14
771,Kampala,Nairobi,5/25/2025 1:32
772,Juba,Kampala,5/23/2025 17:40
773,Mogadishu,Nairobi,5/23/2025 20:45
774,Kampala,Nairobi,5/27/2025 22:41
775,Mogadishu,Kampala,5/17/2025 18:00
776,Nairobi,Mogadishu,5/11/2025 11:45
777,Mogadishu,Nairobi,5/2/2025 13:44
778,Mogadishu,Nairobi,5/26/2025 8:58
779,Nairobi,Mogadishu,5/16/2025 2:33
780,Kampala,Juba,5/2/2025 22:08
781,Juba,Mogadishu,5/21/2025 15:47
782,Nairobi,Mogadishu,5/31/2025 11:49
783,Juba,Mogadishu,5/27/2025 21:45
784,Kampala,Nairobi,5/9/2025 2:52
785,Mogadishu,Nairobi,5/11/2025 15:57
786,Juba,Kampala,5/17/2025 8:16
787,Kampala,Nairobi,5/21/2025 16:35
788,Nairobi,Juba,5/30/2025 3:37
789,Juba,Kampala,5/23/2025 22:02
790,Mogadishu,Nairobi,5/7/2025 12:24
791,Nairobi,Juba,5/10/2025 5:34
792,Nairobi,Mogadishu,5/31/2025 4:25
793,Mogadishu,Juba,5/12/2025 0:48
794,Kampala,Mogadishu,5/20/2025 22:47
795,Juba,Nairobi,5/26/2025 16:34
796,Nairobi,Juba,5/31/2025 7:20
797,Juba,Kampala,5/21/2025 12:27
798,Nairobi,Juba,5/26/2025 1:10
799,Nairobi,Juba,5/1/2025 15:00
800,Juba,Kampala,5/5/2025 7:30
801,Mogadishu,Nairobi,5/13/2025 23:27
802,Kampala,Juba,5/8/2025 8:21
803,Juba,Kampala,5/23/2025 12:29
804,Nairobi,Juba,5/10/2025 16:28
805,Juba,Mogadishu,5/9/2025 4:15
806,Juba,Nairobi,5/29/2025 7:26
807,Nairobi,Juba,5/27/2025 10:32
808,Nairobi,Kampala,5/7/2025 4:41
809,Mogadishu,Nairobi,5/5/2025 21:02
810,Mogadishu,Nairobi,5/8/2025 2:47
811,Kampala,Mogadishu,5/26/2025 8:06
812,Mogadishu,Kampala,5/26/2025 3:16
813,Mogadishu,Kampala,5/1/2025 2:31
814,Nairobi,Mogadishu,5/8/2025 21:26
815,Kampala,Mogadishu,5/11/2025 18:45
816,Kampala,Juba,5/23/2025 18:11
817,Juba,Nairobi,5/16/2025 14:16
818,Nairobi,Juba,5/26/2025 10:08
819,Nairobi,Mogadishu,5/6/2025 10:09
820,Kampala,Mogadishu,5/30/2025 4:55
821,Juba,Kampala,5/25/2025 12:34
822,Kampala,Mogadishu,5/27/2025 20:09
823,Kampala,Nairobi,5/11/2025 23:12
824,Kampala,Nairobi,5/2/2025 17:29
825,Mogadishu,Kampala,5/24/2025 9:52
826,Mogadishu,Nairobi,5/12/2025 23:02
827,Juba,Mogadishu,5/24/2025 0:05
828,Nairobi,Juba,5/6/2025 3:34
829,Kampala,Mogadishu,5/28/2025 0:45
830,Nairobi,Mogadishu,5/11/2025 11:14
831,Kampala,Mogadishu,5/16/2025 17:06
832,Nairobi,Kampala,5/30/2025 10:08
833,Juba,Nairobi,5/11/2025 11:17
834,Nairobi,Kampala,5/22/2025 17:55
835,Nairobi,Mogadishu,5/22/2025 8:16
836,Kampala,Nairobi,5/15/2025 18:13
837,Kampala,Nairobi,5/16/2025 1:24
838,Nairobi,Kampala,5/3/2025 8:13
839,Nairobi,Mogadishu,5/13/2025 5:51
840,Kampala,Nairobi,5/13/2025 17:29
841,Juba,Mogadishu,5/10/2025 18:55
842,Juba,Mogadishu,5/24/2025 23:14
843,Nairobi,Mogadishu,5/21/2025 18:16
844,Nairobi,Kampala,5/19/2025 10:28
845,Mogadishu,Kampala,5/21/2025 8:11
846,Mogadishu,Kampala,5/19/2025 22:18
847,Nairobi,Mogadishu,5/16/2025 2:29
848,Nairobi,Juba,5/28/2025 15:07
849,Mogadishu,Nairobi,5/24/2025 18:23
850,Juba,Kampala,5/15/2025 4:08
851,Kampala,Juba,5/25/2025 12:00
852,Kampala,Juba,5/14/2025 22:37
853,Nairobi,Juba,5/18/2025 5:35
854,Mogadishu,Nairobi,5/19/2025 8:41
855,Kampala,Mogadishu,5/5/2025 4:27
856,Kampala,Mogadishu,5/26/2025 11:43
857,Kampala,Juba,5/8/2025 8:14
858,Mogadishu,Kampala,5/26/2025 23:41
859,Juba,Nairobi,5/25/2025 0:48
860,Kampala,Juba,5/13/2025 20:06
861,Kampala,Juba,5/18/2025 12:12
862,Kampala,Juba,5/20/2025 12:55
863,Mogadishu,Juba,5/2/2025 3:02
864,Nairobi,Kampala,5/4/2025 11:17
865,Mogadishu,Kampala,5/26/2025 14:05
866,Nairobi,Kampala,5/1/2025 13:22
867,Mogadishu,Kampala,5/5/2025 8:54
868,Mogadishu,Kampala,5/22/2025 22:33
869,Mogadishu,Nairobi,5/7/2025 1:42
870,Juba,Kampala,5/4/2025 3:11
871,Nairobi,Kampala,5/3/2025 17:42
872,Kampala,Mogadishu,5/16/2025 18:05
873,Juba,Nairobi,5/5/2025 14:48
874,Juba,Mogadishu,5/14/2025 17:18
875,Juba,Nairobi,5/1/2025 0:13
876,Nairobi,Kampala,5/11/2025 5:14
877,Juba,Kampala,5/5/2025 14:07
878,Kampala,Juba,5/7/2025 17:39
879,Mogadishu,Nairobi,5/16/2025 22:10
880,Mogadishu,Nairobi,5/26/2025 4:43
881,Kampala,Nairobi,5/7/2025 16:02
882,Kampala,Juba,5/31/2025 10:04
883,Juba,Mogadishu,5/12/2025 5:24
884,Nairobi,Kampala,5/16/2025 23:40
885,Kampala,Mogadishu,5/13/2025 10:42
886,Mogadishu,Juba,5/25/2025 17:22
887,Mogadishu,Kampala,5/5/2025 8:48
888,Nairobi,Juba,5/5/2025 1:24
889,Nairobi,Juba,5/5/2025 11:13
890,Nairobi,Kampala,5/15/2025 20:27
891,Mogadishu,Kampala,5/27/2025 16:46
892,Mogadishu,Kampala,5/24/2025 18:45
893,Juba,Nairobi,5/4/2025 5:23
894,Kampala,Nairobi,5/4/2025 12:02
895,Juba,Kampala,5/22/2025 7:13
896,Juba,Kampala,5/11/2025 4:25
897,Mogadishu,Nairobi,5/25/2025 1:30
898,Kampala,Nairobi,5/11/2025 20:38
899,Kampala,Nairobi,5/8/2025 8:10
900,Nairobi,Juba,5/14/2025 1:24
901,Mogadishu,Kampala,5/24/2025 0:40
902,Juba,Kampala,5/19/2025 6:32
903,Juba,Nairobi,5/31/2025 10:56
904,Nairobi,Mogadishu,5/13/2025 14:48
905,Mogadishu,Kampala,5/30/2025 9:31
906,Mogadishu,Kampala,5/13/2025 14:18
907,Juba,Nairobi,5/22/2025 7:51
908,Nairobi,Juba,5/1/2025 5:51
909,Mogadishu,Kampala,5/28/2025 11:50
910,Juba,Nairobi,5/4/2025 1:21
911,Kampala,Juba,5/1/2025 21:51
912,Nairobi,Kampala,5/21/2025 17:55
913,Juba,Kampala,5/29/2025 8:58
914,Mogadishu,Juba,5/23/2025 9:02
915,Mogadishu,Juba,5/26/2025 10:14
916,Kampala,Mogadishu,5/11/2025 1:03
917,Kampala,Juba,5/6/2025 12:59
918,Mogadishu,Kampala,5/28/2025 1:37
919,Mogadishu,Nairobi,5/27/2025 19:13
920,Juba,Kampala,5/22/2025 7:16
921,Juba,Kampala,5/29/2025 5:48
922,Kampala,Mogadishu,5/18/2025 18:23
923,Mogadishu,Juba,5/18/2025 1:01
924,Juba,Kampala,5/17/2025 10:50
925,Nairobi,Kampala,5/2/2025 15:34
926,Kampala,Mogadishu,5/7/2025 5:35
927,Kampala,Nairobi,5/5/2025 10:56
928,Nairobi,Mogadishu,5/18/2025 8:00
929,Kampala,Nairobi,5/9/2025 9:44
930,Nairobi,Juba,5/11/2025 14:29
931,Juba,Nairobi,5/21/2025 3:11
932,Nairobi,Mogadishu,5/19/2025 15:06
933,Mogadishu,Juba,5/27/2025 9:59
934,Mogadishu,Kampala,5/9/2025 2:15
935,Nairobi,Juba,5/22/2025 6:13
936,Nairobi,Kampala,5/26/2025 23:21
937,Kampala,Mogadishu,5/8/2025 5:31
938,Mogadishu,Nairobi,5/9/2025 4:56
939,Nairobi,Mogadishu,5/20/2025 15:29
940,Mogadishu,Juba,5/10/2025 15:46
941,Nairobi,Kampala,5/2/2025 6:55
942,Juba,Nairobi,5/3/2025 19:35
943,Mogadishu,Juba,5/10/2025 5:40
944,Mogadishu,Nairobi,5/8/2025 3:50
945,Kampala,Nairobi,5/14/2025 0:25
946,Nairobi,Mogadishu,5/16/2025 20:45
947,Nairobi,Kampala,5/26/2025 16:48
948,Kampala,Juba,5/9/2025 2:39
949,Juba,Kampala,5/21/2025 9:22
950,Mogadishu,Nairobi,5/7/2025 13:59
951,Nairobi,Kampala,5/20/2025 2:23
952,Kampala,Mogadishu,5/31/2025 17:39
953,Nairobi,Juba,5/9/2025 17:22
954,Kampala,Nairobi,5/13/2025 16:07
955,Kampala,Juba,5/18/2025 6:34
956,Juba,Nairobi,5/11/2025 14:50
957,Nairobi,Kampala,5/17/2025 18:44
958,Nairobi,Mogadishu,5/17/2025 8:57
959,Kampala,Nairobi,5/5/2025 19:47
960,Mogadishu,Kampala,5/29/2025 3:36
961,Kampala,Mogadishu,5/22/2025 8:42
962,Nairobi,Juba,5/25/2025 20:57
963,Nairobi,Kampala,5/3/2025 10:39
964,Mogadishu,Kampala,5/7/2025 22:41
965,Nairobi,Juba,5/11/2025 21:26
966,Mogadishu,Kampala,5/28/2025 7:36
967,Juba,Kampala,5/30/2025 11:42
968,Juba,Nairobi,5/17/2025 16:17
969,Nairobi,Juba,5/26/2025 19:31
970,Kampala,Mogadishu,5/12/2025 3:19
971,Juba,Mogadishu,5/19/2025 8:13
972,Nairobi,Juba,5/11/2025 9:54
973,Mogadishu,Kampala,5/26/2025 4:38
974,Juba,Nairobi,5/29/2025 1:47
975,Mogadishu,Juba,5/3/2025 10:24
976,Nairobi,Juba,5/31/2025 1:09
977,Mogadishu,Nairobi,5/7/2025 17:51
978,Kampala,Mogadishu,5/2/2025 19:29
979,Juba,Nairobi,5/14/2025 13:03
980,Kampala,Nairobi,5/2/2025 13:47
981,Mogadishu,Nairobi,5/8/2025 5:27
982,Nairobi,Mogadishu,5/7/2025 1:31
983,Mogadishu,Kampala,5/13/2025 14:10
984,Juba,Kampala,5/9/2025 21:49
985,Nairobi,Mogadishu,5/8/2025 12:19
986,Kampala,Mogadishu,5/14/2025 1:01
987,Mogadishu,Juba,5/9/2025 23:28
988,Kampala,Nairobi,5/16/2025 1:25
989,Nairobi,Kampala,5/6/2025 9:47
990,Mogadishu,Juba,5/19/2025 13:01
991,Mogadishu,Nairobi,5/29/2025 13:48
992,Nairobi,Mogadishu,5/31/2025 7:56
993,Juba,Nairobi,5/29/2025 10:45
994,Kampala,Juba,5/24/2025 20:24
995,Juba,Mogadishu,5/26/2025 16:47
996,Juba,Kampala,5/26/2025 15:44
997,Juba,Nairobi,5/30/2025 22:23
998,Kampala,Nairobi,5/31/2025 20:36
999,Kampala,Juba,5/1/2025 14:04
1000,Mogadishu,Kampala,5/27/2025 13:13
1001,Juba,Nairobi,5/11/2025 21:59
1002,Kampala,Nairobi,5/15/2025 17:02
1003,Nairobi,Kampala,5/17/2025 2:32
1004,Kampala,Mogadishu,5/20/2025 4:56
1005,Mogadishu,Nairobi,5/9/2025 22:16
1006,Juba,Kampala,5/1/2025 17:11
1007,Mogadishu,Nairobi,5/27/2025 14:07
1008,Juba,Nairobi,5/28/2025 18:36
1009,Mogadishu,Kampala,5/26/2025 5:59
1010,Nairobi,Kampala,5/22/2025 11:50
1011,Mogadishu,Juba,5/11/2025 22:39
1012,Nairobi,Mogadishu,5/4/2025 5:09
1013,Mogadishu,Nairobi,5/16/2025 11:06
1014,Nairobi,Kampala,5/13/2025 4:50
1015,Juba,Nairobi,5/1/2025 0:48
1016,Kampala,Juba,5/16/2025 12:19
1017,Juba,Kampala,5/7/2025 5:34
1018,Juba,Mogadishu,5/5/2025 2:49
1019,Kampala,Juba,5/30/2025 13:30
1020,Kampala,Juba,5/10/2025 9:40
